<?xml version="1.0" encoding="UTF-8"?>

<templates xml:space="preserve">
    <t t-inherit="web.ListRenderer" t-inherit-mode="extension">
<!--        <xpath expr="//thead//tr//th[@t-if='hasActionsColumn']" position="replace">-->
        <xpath expr="//table" position="replace">
            <table t-attf-class="o_list_table table table-sm table-hover position-relative mb-0 {{props.list.isGrouped ? 'o_list_table_grouped' : 'o_list_table_ungrouped table-striped'}}"
                   t-ref="table">
                <thead>
                    <tr>
                            <th t-if="hasSelectors"
                                class="o_list_record_selector o_list_controller align-middle pe-1 cursor-pointer"
                                tabindex="-1" t-on-keydown="(ev) => this.onCellKeydown(ev)"
                                t-on-click.stop="toggleSelection">
                                <CheckBox disabled="!_canSelectRecord" value="selectAll" className="'d-flex m-0'"
                                          onChange.bind="toggleSelection"/>
                            </th>
                        <t t-foreach="columns" t-as="column" t-key="column.id">
                                <th t-if="column.type === 'field'"
                                    t-att-data-name="column.name"
                                    t-att-class="getColumnClass(column) + ' opacity-trigger-hover w-print-auto'"
                                    t-on-pointerup="onColumnTitleMouseUp"
                                    t-on-click="() => this.onClickSortColumn(column)"
                                    t-on-keydown="(ev) => this.onCellKeydown(ev)"
                                    data-tooltip-delay="1000"
                                    tabindex="-1">
                                    <t t-if="column.hasLabel and column.widget !== 'handle'">
                                    <t t-set="isNumeric" t-value="isNumericColumn(column)"/>
                                        <div class="d-flex align-items-center"
                                             t-att-data-tooltip-template="isDebugMode ? 'web.FieldTooltip' : 'web.ListHeaderTooltip'"
                                             t-att-data-tooltip-info="makeTooltip(column)">
                                            <span class="d-block min-w-0 text-truncate flex-grow-1 flex-shrink-1"
                                                  t-att-class="isNumeric ? 'o_list_number_th' : ''"
                                                  t-esc="column.label"/>
                                            <div class="o_list_header_label_spacer"/>
                                            <i class="o_list_sortable_icon" t-att-class="getSortableIconClass(column)"/>
                                        </div>
                                        <span
                                                class="o_resize position-absolute top-0 end-0 bottom-0 ps-1 bg-black-25 opacity-0 opacity-50-hover z-1"
                                                t-on-pointerdown.stop.prevent="this.columnWidths.onStartResize"
                                                t-on-dblclick="this.columnWidths.resetWidths"/>
                                    </t>
                                </th>
                            <th t-else="" t-on-keydown="(ev) => this.onCellKeydown(ev)"
                                t-att-class="{'o_list_button w-print-0 p-print-0': column.type === 'button_group'}"/>
                            </t>
                        <th t-if="hasOpenFormViewColumn" t-on-keydown="(ev) => this.onCellKeydown(ev)"
                            class="o_list_open_form_view w-print-0 p-print-0"/>
                        <th t-if="hasActionsColumn" t-on-keydown="(ev) => this.onCellKeydown(ev)"
                            class="o_list_controller o_list_actions_header w-print-0 p-print-0 position-sticky end-0">

                                <div t-if="displayOptionalFields or hasOptionalOpenFormViewColumn"
                                     class="o_optional_columns_dropdown d-print-none text-center border-top-0">

                                    <Dropdown position="'bottom-end'">
                                        <button class="btn p-0" tabindex="-1">
                                            <i class="oi oi-fw oi-settings-adjust"/>
                                        </button>

                                        <t t-set-slot="content">
                                            <div id="dropdown-color">
                                                <t t-foreach="optionalFieldGroups" t-as="group" t-key="group_index">
                                                    <div t-if="!group_first" role="separator" class="dropdown-divider"/>
                                                    <DropdownItem t-if="group.displayName" closingMode="'none'"
                                                                  onSelected="() => this.toggleOptionalFieldGroup(group.id)">
                                                        <div class="fw-bold" t-esc="group.displayName"/>
                                                    </DropdownItem>

                                                    <div id="searchbar_div" class="input-group mb-3">
                                                        <input id ="search_input" type="text" class="form-control" placeholder="Search"
                                                               t-on-input="(ev) => this.state.searchText = ev.target.value"/>

                                                        <button class="btn btn-outline-primary d-flex align-items-center gap-1 refresh-btn" t-on-click="cleanInputBox"
                                                                                id="refresh_button">
                                                            <i class="fa fa-refresh fs-4"/>
                                                        </button>

                                                    </div>

                                                    <t t-foreach="group.optionalFields" t-as="field"
                                                       t-key="field_index">

                                                        <t t-if="!this.state.searchText
                                                                 || field.label.toLowerCase().includes(this.state.searchText.toLowerCase())
                                                                 || field.name.toLowerCase().includes(this.state.searchText.toLowerCase())">

                                                            <DropdownItem closingMode="'none'"
                                                                          onSelected="() => this.toggleOptionalField(field.name)">
                                                                <div class="d-flex align-items-center gap-2 w-100">
                                                                    <div class="form-check form-switch">
                                                                        <input class="form-check-input"
                                                                               type="checkbox"
                                                                               t-att-checked="field.value"
                                                                               t-on-click.stop=""
                                                                               t-on-change="() => this.toggleOptionalField(field.name)"
                                                                               t-att-name="field.name"/>
                                                                    </div>

                                                                    <span class="d-inline-flex align-items-center
                                                                                 border rounded px-2 py-1
                                                                                 flex-grow-1 text-truncate"
                                                                          style="border-color: black !important;">
                                                                        <span class="text-truncate" t-esc="field.label"/>
                                                                        <span class="ps-1 text-muted"
                                                                              t-if="env.debug"
                                                                              t-esc="' (' + field.name + ')'"/>
                                                                    </span>
                                                                </div>
                                                            </DropdownItem>

                                                        </t>

                                                    </t>

                                                </t>
                                            </div>
                                            <div t-if="hasOptionalOpenFormViewColumn" role="separator"
                                                 class="dropdown-divider"/>
                                            <DropdownItem t-if="hasOptionalOpenFormViewColumn" closingMode="'none'"
                                                          onSelected="() => this.toggleDebugOpenView()">
                                                <CheckBox
                                                        onChange="() => this.toggleDebugOpenView()"
                                                        value="this.debugOpenView"
                                                        name="'View Button'"
                                                >
                                                    <span class="d-flex align-items-center"><span class="text-truncate">View Button</span></span>
                                                </CheckBox>
                                            </DropdownItem>
                                        </t>
                                    </Dropdown>
                                </div>
                            </th>
                        </tr>
                </thead>
                <tbody class="ui-sortable">
                        <t t-call="{{ constructor.rowsTemplate }}">
                            <t t-set="list" t-value="props.list"/>
                        </t>
                    </tbody>
                <tfoot t-on-click="() => props.list.leaveEditMode()" class="o_list_footer cursor-default"
                       t-att-class="{o_sample_data_disabled: props.list.model.useSampleModel}">
                    <tr>
                        <td t-att-colspan="getGroupNameCellColSpan()">
                            <button
                                    t-if="props.list.isGrouped and canCreateGroup and !state.showGroupInput"
                                    class="btn btn-link o_list_group_add"
                                    t-on-click.stop.prevent="() => this.state.showGroupInput = true"
                            >
                                Add a <t t-out="this.props.list.groupByField.string"/>
                            </button>
                            <div t-elif="state.showGroupInput" class="input-group mb-1">
                                <input type="text"
                                       class="form-control bg-view o_list_group_input"
                                       t-attf-placeholder="{{ this.props.list.groupByField.string }}..."
                                       t-ref="groupInput"
                                       t-on-keydown="(ev) => this.onGroupInputKeydown(ev)"
                                />
                                <button class="btn btn-primary o_list_group_confirm" type="button"
                                        t-on-click="addNewGroup">
                                    <i class="fa fa-check"/>
                                </button>
                                <button class="btn btn-danger o_list_group_cancel" type="button"
                                        t-on-click="() => this.state.showGroupInput = false">
                                    <i class="fa fa-times"/>
                                </button>
                            </div>
                        </td>
                        <td t-foreach="getAggregateColumns()" t-as="column" t-key="column.id"
                            t-att-class="{'o_list_number': column.type === 'field'}">
                            <span t-if="column.type === 'field' and aggregates[column.name]"
                                  t-att-data-tooltip="aggregates[column.name].help">
                                <t t-esc="aggregates[column.name].value"/>
                                <sup
                                        t-if="aggregates[column.name].multiCurrency"
                                        class="p-1 fw-bolder text-info"
                                        t-on-mouseover.stop="(ev) => this.openMultiCurrencyPopover(ev, aggregates[column.name].rawValue, column.name)"
                                        t-on-touchstart.stop="(ev) => this.openMultiCurrencyPopover(ev, aggregates[column.name].rawValue, column.name)"
                                >?</sup>
                            </span>
                        </td>
                        <td t-if="hasOpenFormViewColumn" class="w-print-0 p-print-0"/>
                        <td t-if="displayOptionalFields or activeActions.onDelete" class="w-print-0 p-print-0"/>
                    </tr>
                </tfoot>
            </table>

        </xpath>
    </t>
</templates>