<?xml version="1.0" encoding="UTF-8"?>

<templates xml:space="preserve">
    <t t-inherit="web.ListRenderer" t-inherit-mode="extension">
        <xpath expr="//thead//tr//th[@t-if='hasActionsColumn']" position="replace">
            <th t-if="hasActionsColumn" t-on-keydown="(ev) => this.onCellKeydown(ev)" class="o_list_controller o_list_actions_header w-print-0 p-print-0 position-sticky end-0">
                            <div t-if="displayOptionalFields or hasOptionalOpenFormViewColumn" class="o_optional_columns_dropdown d-print-none text-center border-top-0">
                                <Dropdown position="'bottom-end'">
                                    <button class="btn p-0 bg-danger" tabindex="-1">
                                        deferf<i class="o_optional_columns_dropdown_toggle oi oi-fw oi-settings-adjust"/>sasfwef
                                    </button>

                                    <t t-set-slot="content">
                                        <t t-foreach="optionalFieldGroups" t-as="group" t-key="group_index">
                                            <div t-if="!group_first" role="separator" class="dropdown-divider"/>
                                            <DropdownItem t-if="group.displayName" closingMode="'none'" onSelected="() => this.toggleOptionalFieldGroup(group.id)">
                                                <div class="fw-bold" t-esc="group.displayName"/>
                                            </DropdownItem>
                                            <t t-foreach="group.optionalFields" t-as="field" t-key="field_index">
                                                <DropdownItem closingMode="'none'" onSelected="() => this.toggleOptionalField(field.name)">
                                                    <CheckBox
                                                        onChange="() => this.toggleOptionalField(field.name)"
                                                        value="field.value"
                                                        name="field.name"
                                                    >
                                                        <span class="d-flex align-items-center"><span class="text-truncate" t-esc="field.label"/><span class="ps-1" t-if="env.debug" t-esc="' (' + field.name + ')'" /></span>
                                                    </CheckBox>
                                                </DropdownItem>
                                            </t>
                                        </t>
                                        <div t-if="hasOptionalOpenFormViewColumn" role="separator" class="dropdown-divider"/>
                                        <DropdownItem t-if="hasOptionalOpenFormViewColumn" closingMode="'none'" onSelected="() => this.toggleDebugOpenView()">
                                            <CheckBox
                                                onChange="() => this.toggleDebugOpenView()"
                                                value="this.debugOpenView"
                                                name="'View Button'"
                                            >
                                                <span class="d-flex align-items-center"><span class="text-truncate">View Button</span></span>
                                            </CheckBox>
                                        </DropdownItem>
                                    </t>
                                </Dropdown>
                            </div>
                        </th>
        </xpath>
    </t>
</templates>