<?xml version="1.0" encoding="UTF-8"?>

<templates xml:space="preserve">

    <t t-inherit="web.ControlPanel" t-inherit-mode="extension">
        <xpath expr="//div[hasclass('o_control_panel_main_buttons d-flex gap-1 d-empty-none d-print-none')]//t"
               position="after">

            <Dropdown>
                <button class="btn btn-secondary o-control-panel-adaptive-dropdown"
                        t-on-click="loadSaleOrderFields"
                        title="More">
                        <i class="fa fa-cog fs-3"/>
                    <span> </span>
                    <i class="fa fa-caret-down"/>
                </button>

                <t t-set-slot="content">
                    <div class="" style="width: 240px;">
                        <t t-if="fieldsArray">
                            <t t-foreach="fieldsArray" t-as="item" t-key="item.string">

                                <div class="`d-flex align-items-center justify-content-between`">
                                    <div class="form-check form-switch">
                                        <input class="form-check-input" type="checkbox"  t-att-checked="activeFields.has(item.id)"
                                               t-att-name="item.id" t-on-change="onFieldToggle"/>

                                        <div class="border rounded p-1 text-wrap" style="min-width: 180px; display: inline-block;">
                                            <label class="form-check-label" >
                                                <t t-esc="item.string"/>
                                            </label>
                                        </div>
                                    </div>
                                </div>
                             </t>
                        </t>
                    </div>
                </t>
            </Dropdown>


        </xpath>
    </t>

</templates>