<?xml version="1.0" encoding="UTF-8"?>

<templates xml:space="preserve">

    <t t-inherit="web.ControlPanel" t-inherit-mode="extension">
        <xpath expr="//div[hasclass('o_control_panel_main_buttons d-flex gap-1 d-empty-none d-print-none')]//t"
               position="after">
            <t t-if="isShowRefreshButton">
                <button class="btn btn-outline-primary d-flex align-items-center gap-1 refresh-btn"
                        t-on-click="loadSaleOrderFields"
                        title="Refresh"
                        id="refresh_button">
                    <i class="fa fa-refresh fs-4"/>
                </button>
            </t>
        </xpath>
    </t>
</templates>