<?xml version="1.0" encoding="UTF-8"?>
<templates xml:space="preserve">

    <t t-inherit="web.SearchBar.Facets" t-inherit-mode="extension">
        <xpath expr="//div[hasclass('o_searchview_facet')]" position="replace">
            <t t-if="env.searchModel.isHideFilterOnUI">
                <span></span>
            </t>
            <t t-else="">
               <div class="o_searchview_facet position-relative d-inline-flex align-items-stretch rounded-2 bg-200 text-nowrap opacity-trigger-hover mw-100"
                    t-att-class="{o_facet_with_domain: facet.domain }"
                    role="listitem"
                    aria-label="search"
                    tabindex="0"
               >

                <!-- :hover overlay -->
                   <div class="position-absolute start-0 top-0 bottom-0 end-0 bg-view border rounded-2 shadow opacity-0 opacity-100-hover"/>

                   <div class="o_searchview_facet_label position-relative rounded-start-2 px-1 rounded-end-0 p-0"
                        t-on-click="(ev) => this.onFacetLabelClick(ev.target, facet)"
                        t-att-role="facet.domain ? 'button' : 'img'"
                        t-att-class="{
                        'text-bg-action': facet.type == 'groupBy',
                        'btn': facet.type == 'groupBy' and env.searchModel.canOrderByCount,
                        'btn btn-primary': facet.type == 'field' || facet.type == 'filter',
                        'btn btn-favourite': facet.type == 'favorite'
                    }"
                   >
                    <i t-if="facet.icon" class="small fa-fw" t-att-class="facet.icon" role="image"/>
                       <small t-else="" class="px-1" t-esc="facet.title"/>

                       <!-- Editable facets' overlay -->
                       <span t-if="facet.domain"
                             class="position-absolute start-0 top-0 bottom-0 end-0 bg-inherit opacity-0 opacity-100-hover"
                             t-att-class="{'px-2 transition-base': !facet.icon}"
                       >
                        <i class="fa fa-fw fa-pencil"/>
                    </span>
                       <span t-if="env.searchModel.canOrderByCount and facet.type === 'groupBy' and !env.searchModel.orderByCount"
                             class="position-absolute start-0 top-0 bottom-0 end-0 bg-inherit opacity-0 opacity-100-hover"
                             t-att-class="{'px-2 transition-base': !facet.icon}"
                       >
                        <i class="fa fa-fw fa-sort"/>
                    </span>
                </div>

                   <div class="o_facet_values position-relative d-flex flex-wrap align-items-center ps-2 rounded-end-2 text-wrap overflow-hidden">
                    <t t-foreach="facet.values" t-as="facetValue" t-key="facetValue_index">
                        <em t-if="!facetValue_first" class="o_facet_values_sep small fw-bold mx-1 opacity-50"
                            t-esc="facet.separator"/>
                        <small class="o_facet_value text-truncate" t-esc="facetValue"
                               t-att-title="facet.tooltip or facetValue"/>
                    </t>
                       <button class="o_facet_remove oi oi-close btn btn-link py-0 px-2 text-danger d-print-none"
                               role="button"
                               aria-label="Remove"
                               title="Remove"
                               t-on-click="() => this.onFacetRemove(facet)"
                       />
                </div>
            </div>
            </t>
        </xpath>
    </t>

</templates>