<?xml version="1.0" encoding="UTF-8"?>

<templates xml:space="preserve">

    <t t-inherit="web.ControlPanel" t-inherit-mode="extension">
        <xpath expr="//div[hasclass('o_control_panel_main_buttons d-flex gap-1 d-empty-none d-print-none')]//t"
               position="after">

            <Dropdown>
                <button class="btn btn-secondary o-control-panel-adaptive-dropdown"
                            t-on-click="showlistfields"
                            title="More">
                        <i class="fa fa-cog fs-3"/>
                    <span> </span>
                   <i class="fa fa-caret-down"/>


                </button>

                <t t-set-slot="content">
                    <t t-if="fieldsArray">
                        <t t-foreach="fieldsArray" t-as="item" t-key="item.string">
                            <DropdownItem class="`d-flex align-items-center`">
                                    <span><t t-esc="item.string"/></span>
                            </DropdownItem>
                         </t>
                    </t>
                </t>
            </Dropdown>


        </xpath>
    </t>

</templates>