<?xml version="1.0" encoding="UTF-8"?>

<templates xml:space="preserve">
    <t t-inherit="web.ListRenderer.Rows" t-inherit-mode="extension">
            <xpath expr="//t[@t-if='!list.isGrouped']" position="before">
                <t t-if="isShowModels">
                <tr class="o_list_hello_row">
                    <th t-if="hasSelectors"
                        class="o_list_record_selector o_list_controller align-middle pe-1 cursor-pointer">
                    </th>

                    <t t-foreach="columns" t-as="column" t-key="column.id">

                        <t t-set="type" t-value="column.fieldType"/>
                        <t t-set="is_datetime" t-value="type == 'datetime'"/>
                        <t t-set="is_date" t-value="type == 'date'"/>
                        <t t-set="is_number" t-value="['float','integer','monetary'].includes(column.widget)"/>
                        <t t-set="is_char" t-value="type == 'char'"/>
                        <t t-set="is_m2o" t-value="type == 'many2one'"/>
                        <t t-set="is_m2m" t-value="type == 'many2many'"/>
                        <t t-set="is_o2m" t-value="type == 'one2many'"/>
                        <t t-set="is_selection" t-value="type == 'selection'"/>

                        <th class="text-center p-1">

                            <!-- DATETIME (2 Inputs) -->
                            <t t-if="is_datetime">
                                <div>
                                    <input type="date"
                                           class="form-control form-control-sm"
                                           placeholder="Min"
                                           data-range="min"
                                           t-att-data-column="column.name"
                                           t-on-change="onFilterInputChange"/>

                                    <input type="date"
                                           class="form-control form-control-sm"
                                           placeholder="Max"
                                           data-range="max"
                                           t-att-data-column="column.name"
                                           t-on-change="onFilterInputChange"/>
                                </div>
                            </t>


                            <!-- DATE (2 Inputs) -->
                            <t t-elif="is_date">
                                <div>
                                    <input type="date"
                                           class="form-control form-control-sm"
                                           placeholder="Min"
                                           data-range="min"
                                           t-att-data-column="column.name"
                                           t-on-change="onFilterInputChange"/>

                                    <input type="date"
                                           class="form-control form-control-sm"
                                           placeholder="Max"
                                           data-range="max"
                                           t-att-data-column="column.name"
                                           t-on-change="onFilterInputChange"/>
                                </div>
                            </t>

                            <!-- NUMBER TYPE (2 inputs) -->
                            <t t-elif="is_number">
                                <div>
                                    <input type="number"
                                           class="form-control form-control-sm"
                                           placeholder="Min"
                                           data-range="min"
                                           t-att-data-column="column.name"
                                           t-on-change="onFilterInputChange"/>

                                    <input type="number"
                                           class="form-control form-control-sm"
                                           placeholder="Max"
                                           data-range="max"
                                           t-att-data-column="column.name"
                                           t-on-change="onFilterInputChange"/>
                                </div>
                            </t>

                            <!--   SELECTION (Dropdown)  -->
                            <t t-elif="is_selection">
                                <!-- FOR STATE (ORDER STATUS) <==>  SELECTION (Dropdown)  -->
                                <t t-if="column.name == 'state'">
                                    <t t-if="this.StateObj">
                                        <select class="form-control form-control-sm"
                                                t-att-data-column="column.name"
                                                t-on-change="onFilterInputChange">
                                            <option value="">Select Status</option>
                                            <t t-foreach="Object.entries(this.StateObj)"
                                               t-as="entry" t-key="entry[0]">
                                                <option t-att-value="entry[1]">
                                                    <t t-esc="entry[0]"/>
                                                </option>
                                            </t>
                                        </select>
                                    </t>
                                </t>
                                <!-- FOR STATE (INVOICE STATE) <==>  SELECTION (Dropdown)  -->
                                <t t-elif="column.name == 'invoice_status'">
                                    <t t-if="this.InvoiceStatusObj">
                                        <select class="form-control form-control-sm"
                                                t-att-data-column="column.name"
                                                t-on-change="onFilterInputChange">
                                            <option value="">Select Status</option>
                                            <t t-foreach="Object.entries(this.InvoiceStatusObj)"
                                               t-as="entry" t-key="entry[0]">
                                                <option t-att-value="entry[1]">
                                                    <t t-esc="entry[0]"/>
                                                </option>
                                            </t>
                                        </select>
                                    </t>
                                </t>
                                <!-- FOR STATE (DELIVERY STATE) <==>  SELECTION (Dropdown)  -->
                                <t t-elif="column.name == 'delivery_status'">
                                    <t t-if="this.DeliveryStatusObj">
                                        <select class="form-control form-control-sm"
                                                t-att-data-column="column.name"
                                                t-on-change="onFilterInputChange">
                                            <option value="">Select Status</option>
                                            <t t-foreach="Object.entries(this.DeliveryStatusObj)"
                                               t-as="entry" t-key="entry[0]">
                                                <option t-att-value="entry[1]">
                                                    <t t-esc="entry[0]"/>
                                                </option>
                                            </t>
                                        </select>
                                    </t>
                                </t>
                            </t>

                            <!-- MANY2ONE -->
                            <t t-elif="is_m2o">
                                <input type="text"
                                       class="form-control form-control-sm"
                                       placeholder="Search M2O"
                                       t-att-data-column="column.name"
                                       t-on-change="onFilterInputChange"/>
                            </t>

                            <!-- OME2MANY -->
                            <t t-elif="is_o2m">
                                <input type="text"
                                       class="form-control form-control-sm"
                                       placeholder="Search O2M"
                                       t-att-data-column="column.name"
                                       t-on-change="onFilterInputChange"/>
                            </t>

                            <!-- MANY2MANY -->
                            <t t-elif="is_m2m">
                                <input type="text"
                                       class="form-control form-control-sm"
                                       placeholder="Search M2M"
                                       t-att-data-column="column.name"
                                       t-on-change="onFilterInputChange"/>
                            </t>

                            <!-- CHAR / DEFAULT -->
                            <t t-else="">
                                <input type="text"
                                       class="form-control form-control-sm"
                                       placeholder="Enter Value"
                                       t-att-data-column="column.name"
                                       t-on-change="onFilterInputChange"/>
                            </t>

                        </th>
                    </t>

                </tr>
            </t>
        </xpath>
       </t>
</templates>

